{
    "params": {
        "Backbone": "xception",
        "OS": 8,
        "Alpha": 1.0,
        "Normalization": "[0,1]"
    },
    "scene3": {
        "n_images": 988,
        "runtime": 379.7533142566681,
        "iou_per_class": {
            "0": 0.04355637428854843,
            "1": 0.11290693942013075,
            "2": 0.06342300139555987,
            "3": 0.15391309227544914,
            "4": 0.25650550248442505,
            "5": 0.051360674587964734,
            "6": 0.3869385820392191,
            "7": 0.828007878208243,
            "8": 0.38721015243132617,
            "9": 0.6652030022999968,
            "10": 0.0,
            "11": 0.0,
            "12": 0.44261631669334106,
            "13": 0.1604787135622552,
            "14": 0.0,
            "15": 0.0,
            "16": 0.0,
            "17": 0.0,
            "18": 0.7172768162645398
        },
        "dice_per_class": {
            "0": 0.08347680175542654,
            "1": 0.20290454739901218,
            "2": 0.11928085307977744,
            "3": 0.26676721722940416,
            "4": 0.40828393027686655,
            "5": 0.0977032446226759,
            "6": 0.557975078420996,
            "7": 0.9059128115135158,
            "8": 0.5582573797526975,
            "9": 0.7989452353631492,
            "10": 0.0,
            "11": 0.0,
            "12": 0.6136299881979341,
            "13": 0.27657329977151046,
            "14": 0.0,
            "15": 0.0,
            "16": 0.0,
            "17": 0.0,
            "18": 0.8353653988350892
        },
        "mIOU": 0.22,
        "mDICE": 0.3,
        "acc": 0.75
    },
    "scene4": {
        "n_images": 8033,
        "runtime": 2837.204213142395,
        "iou_per_class": {
            "0": 0.03420017415319772,
            "1": 0.5734879399718271,
            "2": 0.19969102933584731,
            "3": 0.3485520539487,
            "4": 0.14789843285720553,
            "5": 0.0,
            "6": 0.22763590397865505,
            "7": 0.6902095300035738,
            "8": 0.26167124583595947,
            "9": 0.5991926004433239,
            "10": 0.05380245836917964,
            "11": 0.01914053010446101,
            "12": 0.5857849307056765,
            "13": 0.06788795678033377,
            "14": 0.0,
            "15": 0.0,
            "16": 0.016015393892504438,
            "17": 0.03605291255618283,
            "18": 0.5789507402343518
        },
        "dice_per_class": {
            "0": 0.06613840339216882,
            "1": 0.7289384626387353,
            "2": 0.332904096893009,
            "3": 0.5169278455779345,
            "4": 0.25768557325943064,
            "5": 0.0,
            "6": 0.3708524705752056,
            "7": 0.8167147537052574,
            "8": 0.4148009978028485,
            "9": 0.7493689006280011,
            "10": 0.10211108911710468,
            "11": 0.03756210167109952,
            "12": 0.7387949265541343,
            "13": 0.12714434384111784,
            "14": 0.0,
            "15": 0.0,
            "16": 0.031525888266608064,
            "17": 0.06959666271721959,
            "18": 0.7333360382711147
        },
        "mIOU": 0.23,
        "mDICE": 0.32,
        "acc": 0.68
    }
}