{
    "params": {
        "Backbone": null,
        "OS": 8,
        "Alpha": 1.0,
        "Normalization": "[0,1]"
    },
    "scene3": {
        "n_images": 988,
        "runtime": 378.80398631095886,
        "iou_per_class": {
            "0": 0.5534000115122707,
            "1": 0.07500359897128779,
            "2": 0.16414984965334067,
            "3": 0.014729475117680345,
            "4": 0.0012941650594096997,
            "5": 0.0,
            "6": 0.035744264471199126,
            "7": 0.7624501568861324,
            "8": 0.42755560161579176,
            "9": 0.7360880199023778,
            "10": 0.0,
            "11": 0.0,
            "12": 0.31380870521488485,
            "13": 0.00040446618717704613,
            "14": 0.0,
            "15": 0.0,
            "16": 0.0,
            "17": 0.0,
            "18": 0.8503038959745066
        },
        "dice_per_class": {
            "0": 0.7125016189146581,
            "1": 0.1395411123145292,
            "2": 0.2820081103858254,
            "3": 0.02903133392468399,
            "4": 0.002584984721913192,
            "5": 0.0,
            "6": 0.06902140942957269,
            "7": 0.8652161355112779,
            "8": 0.5990037811933336,
            "9": 0.8479846775784662,
            "10": 0.0,
            "11": 0.0,
            "12": 0.4777083664757096,
            "13": 0.0008086053208430397,
            "14": 0.0,
            "15": 0.0,
            "16": 0.0,
            "17": 0.0,
            "18": 0.919096476880814
        },
        "mIOU": 0.28,
        "mDICE": 0.35,
        "acc": 0.78
    },
    "scene4": {
        "n_images": 8033,
        "runtime": 2831.8720269203186,
        "iou_per_class": {
            "0": 0.6041646024343638,
            "1": 0.5609546734781624,
            "2": 0.24161020406858824,
            "3": 0.017033488897520342,
            "4": 0.001352443195352179,
            "5": 0.0,
            "6": 0.014621377329136608,
            "7": 0.684804468362035,
            "8": 0.34463104023402924,
            "9": 0.8401153400582291,
            "10": 0.0,
            "11": 0.0,
            "12": 0.5050686883584873,
            "13": 0.00221061039048602,
            "14": 0.0,
            "15": 0.0,
            "16": 0.0,
            "17": 0.0,
            "18": 0.8709982159047142
        },
        "dice_per_class": {
            "0": 0.7532451489298885,
            "1": 0.7187328152562275,
            "2": 0.38918849615904305,
            "3": 0.033496416948835976,
            "4": 0.0027012331263435744,
            "5": 0.0,
            "6": 0.028821346870545047,
            "7": 0.812918627913898,
            "8": 0.5126031304082452,
            "9": 0.913111609657734,
            "10": 0.0,
            "11": 0.0,
            "12": 0.6711569940496784,
            "13": 0.004411468742332935,
            "14": 0.0,
            "15": 0.0,
            "16": 0.0,
            "17": 0.0,
            "18": 0.9310518935834967
        },
        "mIOU": 0.28,
        "mDICE": 0.34,
        "acc": 0.77
    }
}