{
    "params": {
        "Weights": "../weights/xception_retrained_375_00001lr_8epochs/xception_retrained_375_00001lr_8epochs_model.08-0.38-0.53.h5",
        "Backbone": null,
        "Input": [375, 513],
        "OS": 8,
        "Alpha": 1.0,
        "Normalization": "[0,1]"
    },
    "scene3": {
        "n_images": 988,
        "runtime": 273.2131586074829,
        "iou_per_class": {
            "0": 0.740347856559146,
            "1": 0.5484338385260007,
            "2": 0.5352452798165842,
            "3": 0.25825418835927055,
            "4": 0.21862406412358507,
            "5": 0.0,
            "6": 0.403335503093586,
            "7": 0.8892709486739683,
            "8": 0.6023435897514313,
            "9": 0.9188056566084501,
            "10": 0.03134091186896468,
            "11": 0.0,
            "12": 0.7576246126672097,
            "13": 0.26360812712358855,
            "14": 0.0,
            "15": 0.0,
            "16": 0.0,
            "17": 0.0,
            "18": 0.9160131765606286
        },
        "dice_per_class": {
            "0": 0.8508044570157289,
            "1": 0.708372324190578,
            "2": 0.6972765679247422,
            "3": 0.4104960519877578,
            "4": 0.3588047709870492,
            "5": 0.0,
            "6": 0.5748240562637404,
            "7": 0.9413905922791277,
            "8": 0.751828251573524,
            "9": 0.9576849572483211,
            "10": 0.060777016616493235,
            "11": 0.0,
            "12": 0.8621005955503868,
            "13": 0.41723081937380746,
            "14": 0.0,
            "15": 0.0,
            "16": 0.0,
            "17": 0.0,
            "18": 0.9561658424551477
        },
        "mIOU": 0.37,
        "mDICE": 0.45,
        "acc": 0.91
    },
    "scene4": {
        "n_images": 8033,
        "runtime": 2131.0158638954163,
        "iou_per_class": {
            "0": 0.7865872466055006,
            "1": 0.8514346181413552,
            "2": 0.5743296068837237,
            "3": 0.4590593920866364,
            "4": 0.19857692883751032,
            "5": 0.0,
            "6": 0.36194857814414566,
            "7": 0.861043955035391,
            "8": 0.5930973097418367,
            "9": 0.9163012145394979,
            "10": 0.3212531649883031,
            "11": 0.004120031726447519,
            "12": 0.8866946153869552,
            "13": 0.7025740471742957,
            "14": 0.0,
            "15": 0.0,
            "16": 0.32744476991674004,
            "17": 0.009949160881211392,
            "18": 0.9208051041628392
        },
        "dice_per_class": {
            "0": 0.8805472535416439,
            "1": 0.9197566144637672,
            "2": 0.7296179966030992,
            "3": 0.6292538803785421,
            "4": 0.33135449892249874,
            "5": 0.0,
            "6": 0.5315157766636881,
            "7": 0.925334356242023,
            "8": 0.7445839072290553,
            "9": 0.9563227404828339,
            "10": 0.48628555601779333,
            "11": 0.0082062534284147,
            "12": 0.9399450320740932,
            "13": 0.825308066148822,
            "14": 0.0,
            "15": 0.0,
            "16": 0.4933459791886905,
            "17": 0.01970230040595399,
            "18": 0.9587699472135268
        },
        "mIOU": 0.46,
        "mDICE": 0.55,
        "acc": 0.91
    }
}