{
    "params": {
        "Weights": "../weights/xception_freezed_finetune_8_v2_continuous/xception_freezed_finetune_8_v2_continuous_model.04-1.22-0.37.h5",
        "Backbone": null,
        "OS": 8,
        "Alpha": 1.0,
        "Normalization": "[0,1]"
    },
    "scene3": {
        "n_images": 988,
        "runtime": 330.2153625488281,
        "iou_per_class": {
            "0": 0.4601096102264389,
            "1": 0.07593382772233531,
            "2": 0.03652671003286188,
            "3": 0.0,
            "4": 1.2836116631289552e-05,
            "5": 0.0,
            "6": 0.0,
            "7": 0.6975553438069886,
            "8": 0.2722837084678839,
            "9": 0.738841322817354,
            "10": 0.0,
            "11": 0.0,
            "12": 0.43736358777239626,
            "13": 0.025911415594724155,
            "14": 0.0,
            "15": 0.0,
            "16": 0.0,
            "17": 0.0,
            "18": 0.7892889355209943
        },
        "dice_per_class": {
            "0": 0.6302398217282927,
            "1": 0.14114962419776514,
            "2": 0.07047905216394056,
            "3": 0.0,
            "4": 2.567190373502861e-05,
            "5": 0.0,
            "6": 0.0,
            "7": 0.8218351717978514,
            "8": 0.4280235715597975,
            "9": 0.8498087929268301,
            "10": 0.0,
            "11": 0.0,
            "12": 0.6085636111740044,
            "13": 0.05051394340846324,
            "14": 0.0,
            "15": 0.0,
            "16": 0.0,
            "17": 0.0,
            "18": 0.8822375412400054
        },
        "mIOU": 0.25,
        "mDICE": 0.32,
        "acc": 0.7
    },
    "scene4": {
        "n_images": 8033,
        "runtime": 2526.5413115024567,
        "iou_per_class": {
            "0": 0.5796553133469565,
            "1": 0.6026492815201351,
            "2": 0.1715052971786142,
            "3": 1.6707035388988547e-07,
            "4": 1.7704012632167094e-07,
            "5": 0.0,
            "6": 2.1617246758277674e-06,
            "7": 0.5933677096019824,
            "8": 0.2513906310504323,
            "9": 0.7980623483848053,
            "10": 0.0,
            "11": 0.0,
            "12": 0.43939660788874224,
            "13": 0.01471588667479175,
            "14": 0.0,
            "15": 0.0,
            "16": 0.0,
            "17": 0.0,
            "18": 0.8617549054903318
        },
        "dice_per_class": {
            "0": 0.7339010079595011,
            "1": 0.752066329756831,
            "2": 0.292794744661689,
            "3": 3.3414065195477393e-07,
            "4": 3.540801899569403e-07,
            "5": 0.0,
            "6": 4.32344000556859e-06,
            "7": 0.7447969555630114,
            "8": 0.40177802967793036,
            "9": 0.8876915187081278,
            "10": 0.0,
            "11": 0.0,
            "12": 0.6105288917322573,
            "13": 0.029004939940411263,
            "14": 0.0,
            "15": 0.0,
            "16": 0.0,
            "17": 0.0,
            "18": 0.9257447400288931
        },
        "mIOU": 0.25,
        "mDICE": 0.32,
        "acc": 0.69
    }
}