{
    "params": {
        "Weights": "../weights/xception_retrained_freezed_375_00001lr_rndcrop_infinite/xception_retrained_freezed_375_00001lr_rndcrop_infinite_model.14-0.38-0.52.h5",
        "Backbone": null,
        "OS": 8,
        "Alpha": 1.0,
        "Input": [
            375,
            513
        ],
        "Normalization": "[0,1]"
    },
    "scene3": {
        "n_images": 988,
        "runtime": 402.942214012146,
        "iou_per_class": {
            "0": 0.6101316034719455,
            "1": 0.4987554773467935,
            "2": 0.4182140512044791,
            "3": 0.045156951862381146,
            "4": 0.018092908799243614,
            "5": 0.0,
            "6": 0.06279474629259978,
            "7": 0.682503933981238,
            "8": 0.4691552140366379,
            "9": 0.705771119655204,
            "10": 0.0,
            "11": 0.0,
            "12": 0.13967015629827018,
            "13": 0.045436630019849156,
            "14": 0.0,
            "15": 0.0,
            "16": 0.0,
            "17": 0.0,
            "18": 0.8339004637483374
        },
        "dice_per_class": {
            "0": 0.757865508827119,
            "1": 0.6655595057170058,
            "2": 0.589775641905808,
            "3": 0.08641180978974553,
            "4": 0.035542745937760634,
            "5": 0.0,
            "6": 0.11816909428965441,
            "7": 0.8112954985683246,
            "8": 0.6386734492778215,
            "9": 0.8275097538266037,
            "10": 0.0,
            "11": 0.0,
            "12": 0.24510628013973587,
            "13": 0.08692373830250519,
            "14": 0.0,
            "15": 0.0,
            "16": 0.0,
            "17": 0.0,
            "18": 0.9094282707622151
        },
        "mIOU": 0.24,
        "mDICE": 0.3,
        "acc": 0.78
    },
    "scene4": {
        "n_images": 8033,
        "runtime": 3253.0446724891663,
        "iou_per_class": {
            "0": 0.6114490576962828,
            "1": 0.7915229803921656,
            "2": 0.5148410391723008,
            "3": 0.37491099931753424,
            "4": 0.06419669757588017,
            "5": 0.0,
            "6": 0.009303171386561258,
            "7": 0.49436426701210984,
            "8": 0.39947896805512195,
            "9": 0.49597364195377724,
            "10": 0.030496666639643073,
            "11": 0.0003224510428762633,
            "12": 0.21466404406432257,
            "13": 0.21839576691598983,
            "14": 0.0,
            "15": 0.0,
            "16": 0.04335071906854536,
            "17": 3.2657884392287705e-05,
            "18": 0.8181205601410653
        },
        "dice_per_class": {
            "0": 0.7588810267082304,
            "1": 0.8836314008307062,
            "2": 0.6797294578890027,
            "3": 0.5453603898777871,
            "4": 0.12064818040144834,
            "5": 0.0,
            "6": 0.018434840294380014,
            "7": 0.6616382336290214,
            "8": 0.5708967082374723,
            "9": 0.663078049030361,
            "10": 0.05918828779735884,
            "11": 0.000644694203434293,
            "12": 0.353454183670485,
            "13": 0.3584972516258726,
            "14": 0.0,
            "15": 0.0,
            "16": 0.08309903520696636,
            "17": 6.531363577940889e-05,
            "18": 0.8999629376366423
        },
        "mIOU": 0.27,
        "mDICE": 0.35,
        "acc": 0.7
    }
}