{
    "params": {
        "Weights": "../weights/xception_retrained_7epochs/xception_retrained_7epochs_model.01-0.65-0.44.h5",
        "Backbone": null,
        "OS": 8,
        "Alpha": 1.0,
        "Normalization": "[0,1]"
    },
    "scene3": {
        "n_images": 988,
        "runtime": 345.03697991371155,
        "iou_per_class": {
            "0": 0.49168558992646577,
            "1": 0.07549055566080269,
            "2": 0.07041574235130532,
            "3": 0.01554729084634921,
            "4": 0.003764003056798527,
            "5": 0.0,
            "6": 0.0016720626203844105,
            "7": 0.8292762435218143,
            "8": 0.43353138643419514,
            "9": 0.7920596041512651,
            "10": 0.0,
            "11": 0.0,
            "12": 0.37690655387279026,
            "13": 0.0,
            "14": 0.0,
            "15": 0.0,
            "16": 0.0,
            "17": 0.0,
            "18": 0.7725888264889103
        },
        "dice_per_class": {
            "0": 0.6592348860200545,
            "1": 0.14038348410120588,
            "2": 0.1315670903655212,
            "3": 0.030618546248874768,
            "4": 0.007499776930306075,
            "5": 0.0,
            "6": 0.00333854298783232,
            "7": 0.9066714187740722,
            "8": 0.6048439406863255,
            "9": 0.8839656921192545,
            "10": 0.0,
            "11": 0.0,
            "12": 0.5474686031708902,
            "13": 0.0,
            "14": 0.0,
            "15": 0.0,
            "16": 0.0,
            "17": 0.0,
            "18": 0.8717067544865783
        },
        "mIOU": 0.2,
        "mDICE": 0.25,
        "acc": 0.8
    },
    "scene4": {
        "n_images": 8033,
        "runtime": 2711.410002708435,
        "iou_per_class": {
            "0": 0.5546735019509771,
            "1": 0.6542157646901563,
            "2": 0.08133236009679173,
            "3": 0.1230218575567496,
            "4": 0.008185125496502414,
            "5": 0.0,
            "6": 0.008059121351061288,
            "7": 0.7671604578444707,
            "8": 0.3558499922833402,
            "9": 0.8695427392212686,
            "10": 0.0,
            "11": 0.0,
            "12": 0.5584721258034427,
            "13": 0.0,
            "14": 0.0,
            "15": 0.0,
            "16": 0.0,
            "17": 0.0,
            "18": 0.8261728686511035
        },
        "dice_per_class": {
            "0": 0.7135562563521037,
            "1": 0.7909678757204862,
            "2": 0.1504299012923493,
            "3": 0.21909076253314677,
            "4": 0.016237346276005555,
            "5": 0.0,
            "6": 0.015989382329599816,
            "7": 0.868240860006827,
            "8": 0.5249105643081732,
            "9": 0.9302196959492504,
            "10": 0.0,
            "11": 0.0,
            "12": 0.7166918375463819,
            "13": 0.0,
            "14": 0.0,
            "15": 0.0,
            "16": 0.0,
            "17": 0.0,
            "18": 0.9048134301341946
        },
        "mIOU": 0.27,
        "mDICE": 0.33,
        "acc": 0.8
    }
}