{
    "params": {
        "Weights": "../weights/xception_retrained_375_0001_rndcrop_infinite/xception_retrained_375_0001_rndcrop_infinite_model.21-0.27-0.53.h5",
        "Backbone": null,
        "OS": 8,
        "Alpha": 1.0,
        "Input": [
            375,
            513
        ],
        "Normalization": "[0,1]"
    },
    "scene3": {
        "n_images": 988,
        "runtime": 445.0583772659302,
        "iou_per_class": {
            "0": 0.6003764737942975,
            "1": 0.5096778947168269,
            "2": 0.33547940278404875,
            "3": 0.018766073738133892,
            "4": 0.016233240307494366,
            "5": 0.0,
            "6": 0.09937626620557613,
            "7": 0.7131044702822557,
            "8": 0.5142698713323106,
            "9": 0.733893878052565,
            "10": 0.00224795712900717,
            "11": 0.0,
            "12": 0.14632459430510195,
            "13": 0.07379711499293125,
            "14": 0.0,
            "15": 0.0,
            "16": 0.0,
            "17": 0.0,
            "18": 0.8833781193105248
        },
        "dice_per_class": {
            "0": 0.7502940509627439,
            "1": 0.6752140923576657,
            "2": 0.502410448389816,
            "3": 0.03684079048544675,
            "4": 0.031947863273164484,
            "5": 0.0,
            "6": 0.18078663194825315,
            "7": 0.8325288768463287,
            "8": 0.6792314647056102,
            "9": 0.8465268691955278,
            "10": 0.004485830303803388,
            "11": 0.0,
            "12": 0.2552934745220282,
            "13": 0.1374507604137436,
            "14": 0.0,
            "15": 0.0,
            "16": 0.0,
            "17": 0.0,
            "18": 0.9380783500170594
        },
        "mIOU": 0.29,
        "mDICE": 0.37,
        "acc": 0.81
    },
    "scene4": {
        "n_images": 8033,
        "runtime": 3587.198183298111,
        "iou_per_class": {
            "0": 0.6392873937741399,
            "1": 0.8069997260983476,
            "2": 0.5332434278123802,
            "3": 0.4065210843373494,
            "4": 0.06995770377831312,
            "5": 0.0,
            "6": 0.013034453887296647,
            "7": 0.5274126657701591,
            "8": 0.4513279693441817,
            "9": 0.5297580804937329,
            "10": 0.03656997195892117,
            "11": 4.888273087178005e-06,
            "12": 0.2262632476360533,
            "13": 0.2169143314405306,
            "14": 0.0,
            "15": 0.0,
            "16": 0.044697796930307065,
            "17": 0.0030550497405904794,
            "18": 0.8751039719281286
        },
        "dice_per_class": {
            "0": 0.7799576769785379,
            "1": 0.893192970029732,
            "2": 0.6955756902518836,
            "3": 0.5780518882571499,
            "4": 0.13076723225838432,
            "5": 0.0,
            "6": 0.02573348584005174,
            "7": 0.690596166431846,
            "8": 0.6219517281791591,
            "9": 0.6926037355171247,
            "10": 0.07055958198328056,
            "11": 9.776498384162073e-06,
            "12": 0.36902883303766226,
            "13": 0.35649893478328387,
            "14": 0.0,
            "15": 0.0,
            "16": 0.0855707690044816,
            "17": 0.0060914896772227495,
            "18": 0.9333924785283008
        },
        "mIOU": 0.28,
        "mDICE": 0.36,
        "acc": 0.73
    }
}