{
    "params": {
        "Backbone": "mobilenetv2",
        "OS": 8,
        "Alpha": 1.0,
        "Input": [
            512,
            512
        ],
        "Normalization": "[-1,1]"
    },
    "scene3": {
        "n_images": 988,
        "runtime": 309.7883574962616,
        "iou_per_class": {
            "0": 0.0,
            "1": 0.008774668887410101,
            "2": 0.0,
            "3": 0.0143728998636684,
            "4": 0.0,
            "5": 0.0,
            "6": 4.098618219177708e-06,
            "7": 0.0002918819946454303,
            "8": 0.029693598597857626,
            "9": 0.0008988498896237159,
            "10": 0.0,
            "11": 0.0,
            "12": 0.031546749048289774,
            "13": 0.006852597475090494,
            "14": 0.0,
            "15": 0.0,
            "16": 0.0,
            "17": 0.0,
            "18": 0.4167771256140754
        },
        "dice_per_class": {
            "0": 0.0,
            "1": 0.017396687601380377,
            "2": 0.0,
            "3": 0.028338493399419715,
            "4": 0.0,
            "5": 0.0,
            "6": 8.197202841150504e-06,
            "7": 0.0005835936488125827,
            "8": 0.05767462988658305,
            "9": 0.0017960853681125491,
            "10": 0.0,
            "11": 0.0,
            "12": 0.061163973571522506,
            "13": 0.013611917955567526,
            "14": 0.0,
            "15": 0.0,
            "16": 0.0,
            "17": 0.0,
            "18": 0.5883453622720387
        },
        "mIOU": 0.03,
        "mDICE": 0.05,
        "acc": 0.12
    },
    "scene4": {
        "n_images": 8033,
        "runtime": 2469.854189157486,
        "iou_per_class": {
            "0": 0.0,
            "1": 0.12763880833328528,
            "2": 0.0,
            "3": 0.04735842029449861,
            "4": 0.0,
            "5": 0.0,
            "6": 2.016960960880202e-05,
            "7": 0.0005603411312150202,
            "8": 0.01801812938080758,
            "9": 0.00028392174671799274,
            "10": 0.0009440511879986739,
            "11": 0.0,
            "12": 0.050147997386823386,
            "13": 0.008348450749140937,
            "14": 0.0,
            "15": 0.0,
            "16": 0.0,
            "17": 0.0,
            "18": 0.3529661095178428
        },
        "dice_per_class": {
            "0": 0.0,
            "1": 0.2263824327258526,
            "2": 0.0,
            "3": 0.09043402788738218,
            "4": 0.0,
            "5": 0.0,
            "6": 4.033840560771069e-05,
            "7": 0.0011200546497405822,
            "8": 0.03539844499973062,
            "9": 0.0005676823160812227,
            "10": 0.0018863215918576068,
            "11": 0.0,
            "12": 0.09550653338693424,
            "13": 0.016558662321419844,
            "14": 0.0,
            "15": 0.0,
            "16": 0.0,
            "17": 0.0,
            "18": 0.5217663724683089
        },
        "mIOU": 0.03,
        "mDICE": 0.05,
        "acc": 0.14
    }
}