{
    "params": {
        "Weights": "../weights/xception_retrained_375_0001_rndcrop_infinite/xception_retrained_375_0001_rndcrop_infinite_model.21-0.27-0.53.h5",
        "Backbone": null,
        "OS": 8,
        "Alpha": 1.0,
        "Input": [
            375,
            513
        ],
        "Normalization": "[0,1]"
    },
    "scene3": {
        "n_images": 988,
        "runtime": 268.959867477417,
        "iou_per_class": {
            "0": 0.7373634078050131,
            "1": 0.5436916348699379,
            "2": 0.5314402462664883,
            "3": 0.2316460624781895,
            "4": 0.2205839364606808,
            "5": 0.0,
            "6": 0.3247888393605485,
            "7": 0.8992218966190263,
            "8": 0.6192149159105012,
            "9": 0.9582987888060318,
            "10": 0.06245181187355436,
            "11": 0.0,
            "12": 0.8019234341353866,
            "13": 0.273665744403137,
            "14": 0.0,
            "15": 0.0,
            "16": 0.0,
            "17": 0.0,
            "18": 0.9356260469367477
        },
        "dice_per_class": {
            "0": 0.8488303650145352,
            "1": 0.7044044582333259,
            "2": 0.6940398067271526,
            "3": 0.3761568676833919,
            "4": 0.36144001222940325,
            "5": 0.0,
            "6": 0.49032544615535584,
            "7": 0.9469371622345035,
            "8": 0.7648335126190586,
            "9": 0.9787053888648968,
            "10": 0.11756168359941944,
            "11": 0.0,
            "12": 0.8900749265411179,
            "13": 0.42972930002350307,
            "14": 0.0,
            "15": 0.0,
            "16": 0.0,
            "17": 0.0,
            "18": 0.9667425672613116
        },
        "mIOU": 0.4,
        "mDICE": 0.48,
        "acc": 0.92
    },
    "scene4": {
        "n_images": 8033,
        "runtime": 2124.7175431251526,
        "iou_per_class": {
            "0": 0.7817901849257449,
            "1": 0.8539935190617837,
            "2": 0.5776774229025453,
            "3": 0.4575400624130535,
            "4": 0.2197328427545975,
            "5": 0.0,
            "6": 0.34259123108992934,
            "7": 0.8625952449514998,
            "8": 0.6093746827762909,
            "9": 0.9356580734767622,
            "10": 0.3996270140504875,
            "11": 0.003217770396512352,
            "12": 0.9022428743436894,
            "13": 0.7353778231405547,
            "14": 0.0,
            "15": 0.0,
            "16": 0.3182700703304315,
            "17": 0.05736108263276604,
            "18": 0.9380035568556245
        },
        "dice_per_class": {
            "0": 0.8775333836046757,
            "1": 0.9212475774930954,
            "2": 0.7323137347554336,
            "3": 0.6278250241102339,
            "4": 0.3602966732589759,
            "5": 0.0,
            "6": 0.5103433169480934,
            "7": 0.9262294073707473,
            "8": 0.7572813084459292,
            "9": 0.9667596630805414,
            "10": 0.5710478720955469,
            "11": 0.006414899120538023,
            "12": 0.9486095456185958,
            "13": 0.8475132196972806,
            "14": 0.0,
            "15": 0.0,
            "16": 0.48286019305688305,
            "17": 0.1084985698356523,
            "18": 0.968010149968474
        },
        "mIOU": 0.47,
        "mDICE": 0.56,
        "acc": 0.91
    }
}