{
    "params": {
        "Backbone": "mobilenetv2",
        "OS": 8,
        "Alpha": 1.0,
        "Input": [
            512,
            512
        ],
        "Normalization": "[0,1]"
    },
    "scene3": {
        "n_images": 988,
        "runtime": 347.2066488265991,
        "iou_per_class": {
            "0": 0.0,
            "1": 0.008775032954184976,
            "2": 0.0,
            "3": 0.014373344305590823,
            "4": 0.0,
            "5": 0.0,
            "6": 4.098618219177708e-06,
            "7": 0.00029169227902787624,
            "8": 0.029700026498509835,
            "9": 0.0008997901653765054,
            "10": 0.0,
            "11": 0.0,
            "12": 0.03153663665892268,
            "13": 0.0068539482124729345,
            "14": 0.0,
            "15": 0.0,
            "16": 0.0,
            "17": 0.0,
            "18": 0.41685492236255695
        },
        "dice_per_class": {
            "0": 0.0,
            "1": 0.017397403122651447,
            "2": 0.0,
            "3": 0.02833935727171612,
            "4": 0.0,
            "5": 0.0,
            "6": 8.197202841150504e-06,
            "7": 0.0005832144389069057,
            "8": 0.05768675484938004,
            "9": 0.0017979625417402377,
            "10": 0.0,
            "11": 0.0,
            "12": 0.0611449667189092,
            "13": 0.013614582779639792,
            "14": 0.0,
            "15": 0.0,
            "16": 0.0,
            "17": 0.0,
            "18": 0.5884228734830037
        },
        "mIOU": 0.03,
        "mDICE": 0.05,
        "acc": 0.12
    },
    "scene4": {
        "n_images": 8033,
        "runtime": 2732.6228671073914,
        "iou_per_class": {
            "0": 0.0,
            "1": 0.12765431512776773,
            "2": 0.0,
            "3": 0.047361179010000955,
            "4": 0.0,
            "5": 0.0,
            "6": 2.0169448579881732e-05,
            "7": 0.0005598509875597648,
            "8": 0.018021188672003998,
            "9": 0.00028402751567483265,
            "10": 0.0009442836452327676,
            "11": 0.0,
            "12": 0.05014080126576711,
            "13": 0.008349704475435185,
            "14": 0.0,
            "15": 0.0,
            "16": 0.0,
            "17": 0.0,
            "18": 0.3530276896007161
        },
        "dice_per_class": {
            "0": 0.0,
            "1": 0.22640682240160448,
            "2": 0.0,
            "3": 0.09043905762244929,
            "4": 0.0,
            "5": 0.0,
            "6": 4.0338083562861226e-05,
            "7": 0.0011190754596183084,
            "8": 0.03540434889280136,
            "9": 0.0005678937339032575,
            "10": 0.0018867856296533934,
            "11": 0.0,
            "12": 0.09549348278884288,
            "13": 0.01656112842276059,
            "14": 0.0,
            "15": 0.0,
            "16": 0.0,
            "17": 0.0,
            "18": 0.5218336510243867
        },
        "mIOU": 0.03,
        "mDICE": 0.05,
        "acc": 0.14
    }
}