{
    "params": {
        "Weights": "../weights/xception_freezed_finetune_8_v3_continuous/xception_freezed_finetune_8_v2_continuous_model.01-1.06-0.35.h5",
        "Backbone": null,
        "OS": 8,
        "Alpha": 1.0,
        "Normalization": "[0,1]"
    },
    "scene3": {
        "n_images": 988,
        "runtime": 389.68447732925415,
        "iou_per_class": {
            "0": 0.2417534232149993,
            "1": 0.048218704514590295,
            "2": 0.019538961793055393,
            "3": 0.0006871929605870865,
            "4": 0.0,
            "5": 0.0,
            "6": 0.0,
            "7": 0.8182683186513959,
            "8": 0.3143863337910308,
            "9": 0.3276776625831716,
            "10": 0.0,
            "11": 0.0,
            "12": 0.08677369250775523,
            "13": 0.0,
            "14": 0.0,
            "15": 0.0,
            "16": 0.0,
            "17": 0.0,
            "18": 0.5342138562907537
        },
        "dice_per_class": {
            "0": 0.38937428106955446,
            "1": 0.09200122895521014,
            "2": 0.03832901443745194,
            "3": 0.0013734421014302961,
            "4": 0.0,
            "5": 0.0,
            "6": 0.0,
            "7": 0.9000523302944673,
            "8": 0.4783773624369011,
            "9": 0.4936102667354237,
            "10": 0.0,
            "11": 0.0,
            "12": 0.1596904546106981,
            "13": 0.0,
            "14": 0.0,
            "15": 0.0,
            "16": 0.0,
            "17": 0.0,
            "18": 0.6964007711184602
        },
        "mIOU": 0.15,
        "mDICE": 0.2,
        "acc": 0.65
    },
    "scene4": {
        "n_images": 8033,
        "runtime": 2941.781196832657,
        "iou_per_class": {
            "0": 0.38474055081534964,
            "1": 0.520565523034802,
            "2": 0.009544771082528105,
            "3": 0.025976002136295917,
            "4": 1.4163252732622575e-06,
            "5": 0.0,
            "6": 0.0,
            "7": 0.7304843351616447,
            "8": 0.2348573169308744,
            "9": 0.5090301884274446,
            "10": 0.0,
            "11": 0.0,
            "12": 0.2772377281163148,
            "13": 0.0,
            "14": 0.0,
            "15": 0.0,
            "16": 0.0,
            "17": 0.0,
            "18": 0.7506908655231761
        },
        "dice_per_class": {
            "0": 0.5556861183689759,
            "1": 0.6846998898092042,
            "2": 0.018909059520546695,
            "3": 0.050636666125150026,
            "4": 2.832646534575638e-06,
            "5": 0.0,
            "6": 0.0,
            "7": 0.8442542013457869,
            "8": 0.3803796822690267,
            "9": 0.6746454674414477,
            "10": 0.0,
            "11": 0.0,
            "12": 0.43412079366804845,
            "13": 0.0,
            "14": 0.0,
            "15": 0.0,
            "16": 0.0,
            "17": 0.0,
            "18": 0.857593856581687
        },
        "mIOU": 0.19,
        "mDICE": 0.25,
        "acc": 0.72
    }
}