{
    "params": {
        "Backbone": "xception",
        "OS": 8,
        "Alpha": 1.0,
        "Normalization": "[0,1]"
    },
    "scene3": {
        "n_images": 988,
        "runtime": 393.41321086883545,
        "iou_per_class": {
            "0": 0.043565778654088165,
            "1": 0.1129075023460468,
            "2": 0.06344387863409663,
            "3": 0.1539220165247505,
            "4": 0.2565032291016998,
            "5": 0.051360674587964734,
            "6": 0.38696249553667444,
            "7": 0.8280108531003685,
            "8": 0.3872164126810469,
            "9": 0.6652472363017671,
            "10": 0.0,
            "11": 0.0,
            "12": 0.44257393318872706,
            "13": 0.160436497038722,
            "14": 0.0,
            "15": 0.0,
            "16": 0.0,
            "17": 0.0,
            "18": 0.7172798244363191
        },
        "dice_per_class": {
            "0": 0.08349407300472424,
            "1": 0.2029054563978299,
            "2": 0.1193177748422134,
            "3": 0.26678062177601064,
            "4": 0.4082810503958343,
            "5": 0.0977032446226759,
            "6": 0.5579999412845584,
            "7": 0.9059145920233832,
            "8": 0.558263886069054,
            "9": 0.7989771390093028,
            "10": 0.0,
            "11": 0.0,
            "12": 0.6135892559911196,
            "13": 0.27651060174018033,
            "14": 0.0,
            "15": 0.0,
            "16": 0.0,
            "17": 0.0,
            "18": 0.8353674389341403
        },
        "mIOU": 0.22,
        "mDICE": 0.3,
        "acc": 0.75
    },
    "scene4": {
        "n_images": 8033,
        "runtime": 3262.593767642975,
        "iou_per_class": {
            "0": 0.034218745006629844,
            "1": 0.5735157830767402,
            "2": 0.1997184845233261,
            "3": 0.3485641835291611,
            "4": 0.14790456494466242,
            "5": 0.0,
            "6": 0.22764425172033304,
            "7": 0.6902197139279578,
            "8": 0.26172734338666187,
            "9": 0.5992380706022848,
            "10": 0.053799496057814596,
            "11": 0.019164876751559784,
            "12": 0.5857629313588419,
            "13": 0.0678506630418144,
            "14": 0.0,
            "15": 0.0,
            "16": 0.0160347428909464,
            "17": 0.03607917854813754,
            "18": 0.5789504354327482
        },
        "dice_per_class": {
            "0": 0.06617312859942504,
            "1": 0.7289609538651445,
            "2": 0.3329422478685548,
            "3": 0.5169411849823518,
            "4": 0.25769488067467095,
            "5": 0.0,
            "6": 0.37086354846093017,
            "7": 0.8167218832443188,
            "8": 0.41487147719910256,
            "9": 0.7494044590579405,
            "10": 0.10210575400552857,
            "11": 0.03760898199836919,
            "12": 0.7387774298102694,
            "13": 0.12707893601627618,
            "14": 0.0,
            "15": 0.0,
            "16": 0.031563375176172394,
            "17": 0.06964560102191313,
            "18": 0.7333357937534921
        },
        "mIOU": 0.23,
        "mDICE": 0.32,
        "acc": 0.68
    }
}