{
    "params": {
        "Backbone": null,
        "OS": 8,
        "Alpha": 1.0,
        "Normalization": "[0,1]"
    },
    "scene3": {
        "n_images": 988,
        "runtime": 377.08875918388367,
        "iou_per_class": {
            "0": 0.46756391799136765,
            "1": 0.04180428715778749,
            "2": 0.05822442194759342,
            "3": 0.00048464339386415954,
            "4": 0.0,
            "5": 0.0,
            "6": 0.0,
            "7": 0.8011458705060011,
            "8": 0.44193055185518954,
            "9": 0.08349254700557673,
            "10": 0.0,
            "11": 0.0,
            "12": 0.5042205805731467,
            "13": 0.0,
            "14": 0.0,
            "15": 0.0,
            "16": 0.0,
            "17": 0.0,
            "18": 0.817533871983957
        },
        "dice_per_class": {
            "0": 0.6371973476035242,
            "1": 0.08025362858092362,
            "2": 0.1100417278981998,
            "3": 0.0009688172568449277,
            "4": 0.0,
            "5": 0.0,
            "6": 0.0,
            "7": 0.8895957663672547,
            "8": 0.6129706472847825,
            "9": 0.15411743668440203,
            "10": 0.0,
            "11": 0.0,
            "12": 0.6704077674313241,
            "13": 0.0,
            "14": 0.0,
            "15": 0.0,
            "16": 0.0,
            "17": 0.0,
            "18": 0.8996078528006362
        },
        "mIOU": 0.23,
        "mDICE": 0.29,
        "acc": 0.7
    },
    "scene4": {
        "n_images": 8033,
        "runtime": 2863.7693617343903,
        "iou_per_class": {
            "0": 0.5890590082383561,
            "1": 0.5000503991856744,
            "2": 0.23535586368742972,
            "3": 0.001746057510594868,
            "4": 1.7172782803423154e-05,
            "5": 0.0,
            "6": 0.0,
            "7": 0.7333412033168587,
            "8": 0.3170228998815071,
            "9": 0.1911989805998765,
            "10": 0.0,
            "11": 0.0,
            "12": 0.5681086834520502,
            "13": 0.0,
            "14": 0.0,
            "15": 0.0,
            "16": 0.0,
            "17": 0.0,
            "18": 0.8678659593212622
        },
        "dice_per_class": {
            "0": 0.7413934978933121,
            "1": 0.666711464437641,
            "2": 0.3810333048242681,
            "3": 0.003486028215442017,
            "4": 3.434497580803637e-05,
            "5": 0.0,
            "6": 0.0,
            "7": 0.8461590850244183,
            "8": 0.48142351953034335,
            "9": 0.3210193825108724,
            "10": 0.0,
            "11": 0.0,
            "12": 0.7245781997730031,
            "13": 0.0,
            "14": 0.0,
            "15": 0.0,
            "16": 0.0,
            "17": 0.0,
            "18": 0.9292593561013597
        },
        "mIOU": 0.24,
        "mDICE": 0.3,
        "acc": 0.72
    }
}