{
    "params": {
        "Weights": "../weights/xception_retrained_freezed_375_00001lr_rndcrop_infinite/xception_retrained_freezed_375_00001lr_rndcrop_infinite_model.14-0.38-0.52.h5",
        "Backbone": null,
        "OS": 8,
        "Alpha": 1.0,
        "Input": [
            375,
            513
        ],
        "Normalization": "[0,1]"
    },
    "scene3": {
        "n_images": 988,
        "runtime": 233.56168746948242,
        "iou_per_class": {
            "0": 0.7412481539286887,
            "1": 0.5142615564283081,
            "2": 0.5367970133537548,
            "3": 0.18089783295490394,
            "4": 0.20401543342976847,
            "5": 0.0,
            "6": 0.3586842043672619,
            "7": 0.8618595918971459,
            "8": 0.575414001438531,
            "9": 0.9238111977876093,
            "10": 0.0,
            "11": 0.0,
            "12": 0.6373458258648026,
            "13": 0.22589553282666655,
            "14": 0.0,
            "15": 0.0,
            "16": 0.0,
            "17": 0.0,
            "18": 0.8849963785577872
        },
        "dice_per_class": {
            "0": 0.8513986386790977,
            "1": 0.6792242122837719,
            "2": 0.6985919528595409,
            "3": 0.30637338456664276,
            "4": 0.3388917247490896,
            "5": 0.0,
            "6": 0.5279875974333577,
            "7": 0.9258051419644939,
            "8": 0.730492430450806,
            "9": 0.9603969442011732,
            "10": 0.0,
            "11": 0.0,
            "12": 0.7785109483858408,
            "13": 0.3685396133319733,
            "14": 0.0,
            "15": 0.0,
            "16": 0.0,
            "17": 0.0,
            "18": 0.9389900040390518
        },
        "mIOU": 0.35,
        "mDICE": 0.43,
        "acc": 0.9
    },
    "scene4": {
        "n_images": 8033,
        "runtime": 1842.7625260353088,
        "iou_per_class": {
            "0": 0.748897822801741,
            "1": 0.8348707215758884,
            "2": 0.5573848171926196,
            "3": 0.4295298460047232,
            "4": 0.18351637336453838,
            "5": 0.0,
            "6": 0.3270840696263689,
            "7": 0.834522159092482,
            "8": 0.5630819125814464,
            "9": 0.8984127002533117,
            "10": 0.40814765296149885,
            "11": 0.04003607756676855,
            "12": 0.8246926122377437,
            "13": 0.7291540209884536,
            "14": 0.0,
            "15": 0.0,
            "16": 0.20181332203810678,
            "17": 0.003225977302601486,
            "18": 0.8794149977197083
        },
        "dice_per_class": {
            "0": 0.8564226143320413,
            "1": 0.9100049521296577,
            "2": 0.7157958791422857,
            "3": 0.60093861937221,
            "4": 0.3101205483838506,
            "5": 0.0,
            "6": 0.49293647194251544,
            "7": 0.9097978511257786,
            "8": 0.7204765253172313,
            "9": 0.9464882953358175,
            "10": 0.5796943979604933,
            "11": 0.07698978608595106,
            "12": 0.90392497531556,
            "13": 0.8433650353155239,
            "14": 0.0,
            "15": 0.0,
            "16": 0.335848036192276,
            "17": 0.0064312076752144134,
            "18": 0.9358390762941674
        },
        "mIOU": 0.45,
        "mDICE": 0.53,
        "acc": 0.89
    }
}