{
    "params": {
        "Backbone": "xception",
        "OS": 8,
        "Alpha": 1.0,
        "Input": [
            512,
            512
        ],
        "Normalization": "[-1,1]"
    },
    "scene3": {
        "n_images": 988,
        "runtime": 352.9048376083374,
        "iou_per_class": {
            "0": 0.030037560910977323,
            "1": 0.0603642878039795,
            "2": 0.0624836587814918,
            "3": 0.11356620368576574,
            "4": 0.2613653339639086,
            "5": 0.061158915150855024,
            "6": 0.30338670823296016,
            "7": 0.8238274857118372,
            "8": 0.3734072200816537,
            "9": 0.47029565245789035,
            "10": 0.000619717941052604,
            "11": 0.0,
            "12": 0.5899092818592832,
            "13": 0.1507699403402707,
            "14": 0.0,
            "15": 0.0,
            "16": 0.0,
            "17": 0.0,
            "18": 0.7232781158959126
        },
        "dice_per_class": {
            "0": 0.05832323412441727,
            "1": 0.11385575409936577,
            "2": 0.11761810784582064,
            "3": 0.20396848128090764,
            "4": 0.4144165483643885,
            "5": 0.11526815499101874,
            "6": 0.46553598608393126,
            "7": 0.9034050557586575,
            "8": 0.5437676671882552,
            "9": 0.6397293655486201,
            "10": 0.0012386682571632317,
            "11": 0.0,
            "12": 0.7420665928428661,
            "13": 0.26203315720202003,
            "14": 0.0,
            "15": 0.0,
            "16": 0.0,
            "17": 0.0,
            "18": 0.8394212277452251
        },
        "mIOU": 0.21,
        "mDICE": 0.29,
        "acc": 0.73
    },
    "scene4": {
        "n_images": 8033,
        "runtime": 2834.8977048397064,
        "iou_per_class": {
            "0": 0.020476191369444275,
            "1": 0.5395360581950074,
            "2": 0.21803119639426416,
            "3": 0.3454216900336374,
            "4": 0.15208440881330468,
            "5": 0.00019964064683569574,
            "6": 0.21247474515255685,
            "7": 0.7143924724221081,
            "8": 0.2309922595109467,
            "9": 0.35590737795534094,
            "10": 0.04611925876526076,
            "11": 0.04744389607970947,
            "12": 0.5906900583351906,
            "13": 0.0771068019251576,
            "14": 0.0,
            "15": 0.0,
            "16": 0.027791996293475712,
            "17": 0.038645792914067396,
            "18": 0.5789295600348551
        },
        "dice_per_class": {
            "0": 0.04013065967166941,
            "1": 0.7009073354573762,
            "2": 0.3580059312761472,
            "3": 0.5134772132668701,
            "4": 0.2640160871024338,
            "5": 0.00039920159680638726,
            "6": 0.35048110651710557,
            "7": 0.8334059836518162,
            "8": 0.37529441428448335,
            "9": 0.5249729940875996,
            "10": 0.08817208626805231,
            "11": 0.09058985642530115,
            "12": 0.7426840385906532,
            "13": 0.14317392070561885,
            "14": 0.0,
            "15": 0.0,
            "16": 0.05408097434831549,
            "17": 0.07441573090214167,
            "18": 0.733319046889052
        },
        "mIOU": 0.22,
        "mDICE": 0.31,
        "acc": 0.67
    }
}